{
  "model_name": "LogisticRegression",
  "hyperparameters": {
    "C": 1.0,
    "class_weight": "balanced",
    "dual": false,
    "fit_intercept": true,
    "intercept_scaling": 1,
    "l1_ratio": 0.0,
    "max_iter": 5000,
    "n_jobs": null,
    "penalty": "deprecated",
    "random_state": 42,
    "solver": "lbfgs",
    "tol": 0.0001,
    "verbose": 0,
    "warm_start": false
  },
  "python": "3.12.10",
  "sklearn": "1.9.0",
  "numpy": "2.5.0",
  "pandas": "3.0.3",
  "joblib": "1.5.3",
  "random_state": 42,
  "split": "stratified 80/20, random_state=42",
  "n_train": 14318,
  "n_test": 3580,
  "base_rate": 0.09157447759526204,
  "test_pulsars": 328,
  "cv_table": {
    "LogisticRegression": {
      "mean": 0.9248576426931004,
      "sd": 0.014194035046924717,
      "folds": [
        0.9021394406032777,
        0.9282912761586533,
        0.9229292312557007,
        0.9404270928518842,
        0.9305011725959866
      ]
    },
    "SVM-linear": {
      "mean": 0.9252413532316316,
      "sd": 0.015252380104174167,
      "folds": [
        0.9006375158973028,
        0.9298917057661102,
        0.9231023704505837,
        0.9415293422555712,
        0.9310458317885902
      ]
    },
    "SVM-poly": {
      "mean": 0.8981349302571413,
      "sd": 0.015053759606031284,
      "folds": [
        0.8765567943632748,
        0.9090673039586216,
        0.8943129495540949,
        0.8953173182083011,
        0.9154202852014143
      ]
    },
    "SVM-rbf": {
      "mean": 0.8771739598557188,
      "sd": 0.015397322683356529,
      "folds": [
        0.8562173008944683,
        0.8853435450371884,
        0.8925362536753837,
        0.8859628213381818,
        0.8658098783333722
      ]
    }
  },
  "tie_break_rule": "within one fold-SD of best mean -> tied; ship simplest (LogReg < SVM-linear < SVM-poly < SVM-rbf). Applied on CV only.",
  "tied_with_best": [
    "LogisticRegression",
    "SVM-linear"
  ],
  "test_ap_ci": {
    "LogisticRegression": {
      "ap": 0.9349976978259571,
      "lo": 0.9133357092650463,
      "hi": 0.9562206954742886
    },
    "SVM-linear": {
      "ap": 0.9332175138174453,
      "lo": 0.9109771796284387,
      "hi": 0.9550375284568642
    },
    "SVM-poly": {
      "ap": 0.9030875717518292,
      "lo": 0.8741605540677703,
      "hi": 0.9314016744193633
    },
    "SVM-rbf": {
      "ap": 0.8592786203710328,
      "lo": 0.8131632938562586,
      "hi": 0.9002850493411305
    }
  },
  "test_roc_auc_ci": {
    "roc": 0.9726650391503915,
    "lo": 0.9602040209517452,
    "hi": 0.9842666159285366
  },
  "paired_vs_chosen": {
    "SVM-linear": {
      "diff": 0.0017801840085117648,
      "lo": 0.0003064183927604908,
      "hi": 0.0034125231283699646
    },
    "SVM-poly": {
      "diff": 0.03191012607412791,
      "lo": 0.019198049525183003,
      "hi": 0.04621124809232993
    },
    "SVM-rbf": {
      "diff": 0.07571907745492434,
      "lo": 0.04486833700154643,
      "hi": 0.10938184481240723
    }
  },
  "strictness_curve": {
    "threshold": [
      0.0,
      0.01,
      0.02,
      0.03,
      0.04,
      0.05,
      0.06,
      0.07,
      0.08,
      0.09,
      0.1,
      0.11,
      0.12,
      0.13,
      0.14,
      0.15,
      0.16,
      0.17,
      0.18,
      0.19,
      0.2,
      0.21,
      0.22,
      0.23,
      0.24,
      0.25,
      0.26,
      0.27,
      0.28,
      0.29,
      0.3,
      0.31,
      0.32,
      0.33,
      0.34,
      0.35,
      0.36,
      0.37,
      0.38,
      0.39,
      0.4,
      0.41,
      0.42,
      0.43,
      0.44,
      0.45,
      0.46,
      0.47,
      0.48,
      0.49,
      0.5,
      0.51,
      0.52,
      0.53,
      0.54,
      0.55,
      0.56,
      0.57,
      0.58,
      0.59,
      0.6,
      0.61,
      0.62,
      0.63,
      0.64,
      0.65,
      0.66,
      0.67,
      0.68,
      0.69,
      0.7,
      0.71,
      0.72,
      0.73,
      0.74,
      0.75,
      0.76,
      0.77,
      0.78,
      0.79,
      0.8,
      0.81,
      0.82,
      0.83,
      0.84,
      0.85,
      0.86,
      0.87,
      0.88,
      0.89,
      0.9,
      0.91,
      0.92,
      0.93,
      0.94,
      0.95,
      0.96,
      0.97,
      0.98,
      0.99,
      1.0
    ],
    "n_flagged": [
      3580,
      3181,
      2749,
      2411,
      2165,
      1936,
      1731,
      1565,
      1442,
      1321,
      1240,
      1177,
      1096,
      1028,
      988,
      927,
      869,
      835,
      787,
      744,
      716,
      693,
      667,
      639,
      619,
      601,
      586,
      573,
      559,
      543,
      531,
      511,
      500,
      490,
      481,
      466,
      460,
      452,
      445,
      438,
      431,
      421,
      416,
      412,
      407,
      402,
      398,
      393,
      390,
      388,
      386,
      383,
      381,
      375,
      373,
      371,
      368,
      367,
      367,
      364,
      362,
      359,
      357,
      356,
      353,
      351,
      349,
      345,
      342,
      340,
      340,
      338,
      337,
      334,
      333,
      329,
      326,
      324,
      323,
      322,
      321,
      320,
      319,
      315,
      313,
      311,
      309,
      303,
      301,
      297,
      294,
      290,
      286,
      282,
      278,
      274,
      270,
      262,
      252,
      243,
      0
    ],
    "recall": [
      1.0,
      1.0,
      0.9939024390243902,
      0.9878048780487805,
      0.9847560975609756,
      0.975609756097561,
      0.975609756097561,
      0.9664634146341463,
      0.9664634146341463,
      0.9634146341463414,
      0.9634146341463414,
      0.9634146341463414,
      0.9573170731707317,
      0.9542682926829268,
      0.9512195121951219,
      0.9512195121951219,
      0.9512195121951219,
      0.948170731707317,
      0.9451219512195121,
      0.9451219512195121,
      0.9451219512195121,
      0.9451219512195121,
      0.9451219512195121,
      0.9451219512195121,
      0.9451219512195121,
      0.9451219512195121,
      0.9390243902439024,
      0.9390243902439024,
      0.9390243902439024,
      0.9359756097560976,
      0.9359756097560976,
      0.9359756097560976,
      0.9359756097560976,
      0.9359756097560976,
      0.9359756097560976,
      0.9329268292682927,
      0.9329268292682927,
      0.9329268292682927,
      0.9298780487804879,
      0.9298780487804879,
      0.9237804878048781,
      0.9237804878048781,
      0.9237804878048781,
      0.9237804878048781,
      0.9207317073170732,
      0.9207317073170732,
      0.9207317073170732,
      0.9207317073170732,
      0.9207317073170732,
      0.9207317073170732,
      0.9207317073170732,
      0.9207317073170732,
      0.9207317073170732,
      0.9207317073170732,
      0.9176829268292683,
      0.9176829268292683,
      0.9176829268292683,
      0.9176829268292683,
      0.9176829268292683,
      0.9176829268292683,
      0.9176829268292683,
      0.9146341463414634,
      0.9146341463414634,
      0.9146341463414634,
      0.9146341463414634,
      0.9146341463414634,
      0.9146341463414634,
      0.9115853658536586,
      0.9054878048780488,
      0.9024390243902439,
      0.9024390243902439,
      0.9024390243902439,
      0.899390243902439,
      0.8963414634146342,
      0.8963414634146342,
      0.8963414634146342,
      0.8932926829268293,
      0.8932926829268293,
      0.8932926829268293,
      0.8902439024390244,
      0.8871951219512195,
      0.8841463414634146,
      0.8810975609756098,
      0.8810975609756098,
      0.8810975609756098,
      0.8780487804878049,
      0.8719512195121951,
      0.8597560975609756,
      0.8536585365853658,
      0.8445121951219512,
      0.8384146341463414,
      0.8353658536585366,
      0.8292682926829268,
      0.8262195121951219,
      0.8170731707317073,
      0.8048780487804879,
      0.7957317073170732,
      0.7774390243902439,
      0.7469512195121951,
      0.7286585365853658,
      0.0
    ],